<?xml version="1.0" encoding="UTF-8"?>
<!DOCTYPE mapper PUBLIC "-//mybatis.org//DTD Mapper 3.0//EN"
"http://mybatis.org/dtd/mybatis-3-mapper.dtd">
<mapper namespace="schedule">

	<resultMap type="com.spring.mooncar.dto.CustomerDTO" id="CustomerDTO">
		<result property="c_tel" column="c_tel" />
		<result property="c_name" column="c_name" />
		<result property="c_gender" column="c_gender" />
		<result property="c_email" column="c_email" />
		<result property="c_comment" column="c_comment" />
	</resultMap>
	<resultMap type="com.spring.mooncar.dto.Schedule_EmailDTO" id="Schedule_EmailDTO">
		<result property="car_name" column="car_name" />
		<result property="c_name" column="c_name" />
		<result property="s_date" column="s_date" />
		<result property="c_email" column="c_email" />
		<result property="s_contents" column="s_contents" />
		<result property="car_number" column="car_number" />

	</resultMap>
	<resultMap type="com.spring.mooncar.dto.CarDTO" id="CarDTO">
		<result property="car_number" column="car_number" />
		<result property="car_km" column="car_km" />
		<result property="car_maker" column="car_maker" />
		<result property="car_size" column="car_size" />
		<result property="car_category" column="car_category" />
		<result property="car_fuel_type" column="car_fuel_type" />
		<result property="car_oil_type" column="car_oil_type" />
		<result property="car_oil_date" column="car_oil_date" />
		<result property="car_comment" column="car_comment" />
		<result property="car_name" column="car_name" />
		
		<result property="c_tel" column="c_tel" />
		<result property="c_name" column="c_name" />
	</resultMap>
	
	<resultMap type="com.spring.mooncar.dto.ScheduleDTO" id="ScheduleDTO">
	
		<result property="s_no" column="s_no" />
		<result property="c_tel" column="c_tel" />
		<result property="s_contents" column="s_contents" />
		<result property="s_check" column="s_check" />
		<result property="s_comment" column="s_comment" />
		<result property="s_date" column="s_date" />
		<result property="car_number" column="car_number" />
		<result property="cname" column="cname" />
		
		<result property="date" column="date" />
		<result property="time" column="time" />
		
		<result property="start" column="start" />
		<result property="name" column="name" />
		<result property="title" column="title" />
		
		
		<collection property="carDTO" resultMap="CarDTO" />
		<collection property="customerDTO" resultMap="CustomerDTO" />
	</resultMap>
	<resultMap type="com.spring.mooncar.dto.CalendarDTO" id="CalendarDTO">
		<result property="title" column="title" />
		<result property="start" column="start" />
	</resultMap>
	
	<select id="schedule_email" resultMap="Schedule_EmailDTO">
	/*schedule.schedule_email*/
	select customer.c_name as c_name, 
       schedule.car_number as car_number,
       schedule.s_contents as s_contents,
       to_char(schedule.s_date, 'YYYY/MM/DD HH24') as s_date,
       car.car_name as car_name,
       customer.c_email as c_email
	from schedule, customer, car
	where 
		schedule.c_tel = customer.c_tel 
		and
   			car.car_number = schedule.car_number
		and
    		to_date(s_date,'YY-MM-DD') in (select to_date(sysdate,'YY-MM-DD')+1 from dual)
        
            
	</select>
	<select id="auto_customer" parameterType="com.spring.mooncar.dto.CustomerDTO" resultMap="CustomerDTO">

	/*schedule.auto_customer*/
		SELECT  
				*
		FROM 
			customer 
		where
			c_tel LIKE '%' || #{c_tel, jdbcType=VARCHAR} || '%' 

	</select>
	<select id="search_customer" parameterType="com.spring.mooncar.dto.CustomerDTO" resultMap="CarDTO">
	/*schedule.search_customer*/
		SELECT  
				customer.c_name as c_name,
				car_number,
				car_name,
				car_size,
				car_category,
				car_fuel_type,
				customer.c_email as c_email
		FROM 
			customer , car
		where
            customer.c_tel = car.c_tel and car.c_tel = #{c_tel} and car_number not in (select car_number from schedule where s_check in (0,1))
	</select>
	<select id="search_car" parameterType="com.spring.mooncar.dto.CarDTO" resultMap="CarDTO">
	/*schedule.search_car*/
		SELECT  
				car_number
				,car_size
				,car_category
				,car_fuel_type
				,car_km
				,car_name
		FROM 
			 car
		where
            car_number = #{car_number}
        
            
	</select>
	<insert id="insertSchedule" parameterType="com.spring.mooncar.dto.ScheduleDTO">
	/*schedule.insertSchedule*/
    	insert into
			schedule 			
		VALUES
		 (
    		(SELECT NVL(MAX(s_no)+1, 1)FROM schedule)
    		,#{c_tel}
    		,#{car_number}
    		,#{s_contents}
    		,0
    		,#{s_comment}
    		,to_date(#{s_date}, 'YYYY-MM-DD HH24')
    	 )
	</insert>
	<select id="Calendar" parameterType="com.spring.mooncar.dto.ScheduleDTO" resultMap="CalendarDTO">
	/*schedule.Calendar*/
	select 
		to_char(s_date, 'YYYY-MM-DD HH24:mi') as "start"
		,(select c_name from customer where c_tel = schedule.c_tel) as title
	from schedule
	where to_char(s_date, 'YY') =  to_char(sysdate, 'YY')
	</select>
	<select id="Select_schedule" parameterType="com.spring.mooncar.dto.ScheduleDTO" resultMap="ScheduleDTO">
	/*schedule.Select_schedule*/
		SELECT
    	c_tel
    	,car_number
    	,(select c_name from customer where customer.c_tel = s.C_TEL) as name
    	,s_check
    	,s_contents
    	,to_char(s_date, 'YY/MM/DD HH24') as s_date
	FROM
    	schedule s
	WHERE
		substrb(s_date, 0, 8) = to_date(#{s_date}, 'YY/MM/DD')
	</select>
	<select id="selectScheduleOne" parameterType="com.spring.mooncar.dto.ScheduleDTO" resultMap="ScheduleDTO">
	/*schedule.Select_schedule*/
	Select 
    	car_number
    	,car_name
    	,car_oil_date
    	,car_km
    	,car_fuel_type
    	,cs.c_tel
    	,cs.c_name
    	,cs.c_gender
   		,cs.c_email
    	,cs.c_comment
	from car , CUSTOMER cs
	where CAR_NUMBER = #{car_number} and cs.c_tel = #{c_tel}
	</select>
	<select id="Schedule_check" parameterType="com.spring.mooncar.dto.ScheduleDTO" resultType="Integer">
	/*schedule.Schedule_check*/
	Select 
    	count(*)
	from 
		Schedule
	where 
		CAR_NUMBER = #{car_number} and s_check in (0,1)
	</select>
	<select id="selectCarSchedule" parameterType="com.spring.mooncar.dto.ScheduleDTO" resultMap="ScheduleDTO">
	/*schedule.Select_schedule*/
	Select 
    	*
	from  schedule 
	where CAR_NUMBER = #{car_number}
	</select>
	
	<select id="Select_scheduleUpdate" parameterType="com.spring.mooncar.dto.ScheduleDTO" resultMap="ScheduleDTO">
	/*schedule.Select_scheduleUpdate*/
	Select 
		s_no
    	,c_tel
    	,car_number
    	,S_CONTENTS
    	,s_check
    	,S_COMMENT
    	,TO_CHAR(S_DATE, 'YYYY-MM-DD') "date"
    	,TO_CHAR(S_DATE, 'HH24') "time"
    	,(select c_name from customer where c_tel = #{c_tel}) as c_name
    	,(select car_name from car where CAR_NUMBER = #{car_number}) as CAR_NUMBER
    	,(select car_size from car where CAR_NUMBER = #{car_number}) as car_size
    	,(select car_category from car where CAR_NUMBER = #{car_number}) as car_category
    	,(select car_fuel_type from car where CAR_NUMBER = #{car_number}) as car_fuel_type
    	,(select car_name from car where CAR_NUMBER = #{car_number}) as car_name
    	,(select c_email from customer where c_tel = #{c_tel}) as c_email
    	
	from  schedule 
	where c_tel = #{c_tel} and CAR_NUMBER = #{car_number} and s_check in (0,1)
	</select>
	<update id="scheduleUpdate" parameterType="com.spring.mooncar.dto.ScheduleDTO">
	/*schedule.scheduleUpdate*/
		update schedule

		set 
		S_CONTENTS = #{s_contents}
		,S_CHECK = #{s_check}
		,S_COMMENT = #{s_comment}
		,S_DATE = TO_DATE(#{s_date}, 'YYYY-MM-DD HH24')

		where S_NO = #{s_no}

	</update>

	<select id="todaySchedule" parameterType="com.spring.mooncar.dto.ScheduleDTO" resultMap="ScheduleDTO">
	/*main.todaySchedule*/
	Select 
    	sc.*,cs.C_NAME name,c.CAR_NAME cname
	from  schedule sc,customer cs, car c
	where sc.CAR_NUMBER=c.CAR_NUMBER and sc.C_TEL= cs.C_TEL and(S_DATE BETWEEN sysdate AND sysdate+1)
	order by s_check, s_date 
	</select>
	
	<update id="checkUpdate" parameterType="com.spring.mooncar.dto.ScheduleDTO">
	/*fixpop.checkUpdate*/
		update schedule

		set 
		s_check = '2'

		where car_number = #{car_number} and S_DATE BETWEEN TO_DATE(#{s_date}, 'YYYY-MM-DD HH24')-365 AND TO_DATE(#{s_date}, 'YYYY-MM-DD HH24')+1

	</update>
	
	
</mapper>