<?xml version="1.0" encoding="UTF-8"?>
<!DOCTYPE mapper PUBLIC "-//mybatis.org//DTD Mapper 3.0//EN"
"http://mybatis.org/dtd/mybatis-3-mapper.dtd">
<mapper namespace="customer">
<resultMap type="com.spring.mooncar.dto.CustomerDTO"

		id="CustomerDTO">

		<result property="c_tel" column="c_tel" />
		<result property="c_name" column="c_name" />
		<result property="c_gender" column="c_gender" />
		<result property="c_email" column="c_email" />
		<result property="c_comment" column="c_comment" />

	</resultMap>

	
    <select id="selectCustomerAll" parameterType="com.spring.mooncar.dto.CustomerDTO" resultMap="CustomerDTO">
        SELECT 
           *
        FROM 
            customer
        ORDER BY 
            c_name
    </select>
    
    <select id="selectCustomerOne" resultType="com.spring.mooncar.dto.CustomerDTO">
        SELECT * FROM customer 
        WHERE c_tel = #{c_tel}
    </select>
    
    <select id="selectCustomerEmail" parameterType="com.spring.mooncar.dto.EmailDTO" resultMap="CustomerDTO">
	/*customer.selectCustomerEmail*/
		select
			c_email,c_name
		from
		    customer
		<if test="c_tel != null">
			where
			    c_tel in
					<foreach collection="c_tel" item="c_tel"  open="(" close=")" separator=",">
		           		#{c_tel}
		        	</foreach>
	    </if>

	</select>
	<select id="customerChecktel" parameterType="com.spring.mooncar.dto.CustomerDTO" resultMap="CustomerDTO">
	/*customer.customerChecktel*/
		select
			*
		from
		    customer
		

	</select>
    
    <delete id="deleteCustomerOne">
        DELETE FROM customer
        WHERE c_tel = #{c_tel}
    </delete>
    
    
    <insert id="insertCustomer" parameterType="com.spring.mooncar.dto.CustomerDTO">
	/*custpop.insertCustomer*/
	INSERT INTO CUSTOMER (
			C_TEL, C_NAME, C_GENDER, C_EMAIL, C_COMMENT
		)VALUES (
			#{c_tel}, #{c_name}, #{c_gender}, #{c_email}, #{c_comment}
		)


	</insert>
	
	<update id="customerUpdate" parameterType="com.spring.mooncar.dto.CustomerDTO">
	/*customerupdate.customerUpdate*/
		update CUSTOMER

		set 
		C_NAME = #{c_name}
		,C_EMAIL = #{c_email}
		,C_COMMENT = #{c_comment}

		where C_TEL = #{c_tel}

	</update>
	

</mapper>