<?xml version="1.0" encoding="UTF-8"?>
<!DOCTYPE mapper PUBLIC "-//mybatis.org//DTD Mapper 3.0//EN"
"http://mybatis.org/dtd/mybatis-3-mapper.dtd">
<mapper namespace="customerDetail">
<resultMap type="com.spring.mooncar.dto.CustomerDetailDTO"

		id="CustomerDetailDTO">

		<result property="cus_d_no" column="cus_d_no" />
		<result property="c_tel" column="c_tel" />
		<result property="cus_d_contents" column="cus_d_contents" />
		<result property="cus_d_date" column="cus_d_date" />

	</resultMap> 
    <select id="selectCustomerDetail" resultType="com.spring.mooncar.dto.CustomerDetailDTO">
        SELECT * FROM customer_detail
        WHERE c_tel = #{c_tel}
        order by CUS_D_DATE desc
    </select>
    
    <select id="btnsearchCD" resultType="com.spring.mooncar.dto.CustomerDetailDTO">
        SELECT * FROM customer_detail
        WHERE c_tel = #{c_tel}
        and cus_d_contents like '%'||#{cus_d_contents}||'%'
        order by CUS_D_DATE desc
    </select>
    
    <insert id="insertCustomerDetail" parameterType="com.spring.mooncar.dto.CustomerDetailDTO">
	/*customer.insertCustomerDetail*/
	INSERT INTO customer_detail (
	
			cus_d_no, c_tel, cus_d_contents, cus_d_date
		)VALUES (
			(SELECT NVL(MAX(cus_d_no)+1, 1)FROM customer_detail),#{c_tel}, #{cus_d_contents}, sysdate
		)


	</insert>
</mapper>