<?xml version="1.0" encoding="UTF-8"?>
<!DOCTYPE mapper PUBLIC "-//mybatis.org//DTD Mapper 3.0//EN"
"http://mybatis.org/dtd/mybatis-3-mapper.dtd">
<mapper namespace="car">
<resultMap type="com.spring.mooncar.dto.CarDTO"

		id="CarDTO">

		<result property="car_number" column="car_number" />
		<result property="c_tel" column="c_tel" />
		<result property="car_name" column="car_name" />
		<result property="car_km" column="car_km" />
		<result property="car_size" column="car_size" />
		<result property="car_category" column="car_category" />
		<result property="car_fuel_type" column="car_fuel_type" />
		<result property="car_oil_type" column="car_oil_type" />
		<result property="car_comment" column="car_comment" />

	</resultMap> 
	<resultMap type="com.spring.mooncar.dto.CarDetailDTO"

		id="CarDetailDTO">

		<result property="car_d_no" column="car_d_no" />
		<result property="car_number" column="car_number" />
		<result property="car_repair" column="car_repair" />
		<result property="car_next_repair" column="car_next_repair" />
		<result property="car_d_km" column="car_d_km" />
		<result property="car_date" column="car_date" />
		<result property="keyword" column="keyword" />
		<result property="startDate" column="startDate" />
		<result property="endDate" column="endDate" />

	</resultMap> 
    
    <select id="selectCarOne" resultType="com.spring.mooncar.dto.CarDTO">
        SELECT * FROM car 
        WHERE c_tel = #{c_tel}
    </select>
    
    <select id="search_car" parameterType="com.spring.mooncar.dto.CarDTO" resultMap="CarDTO">
	/*Customer.search_car*/
		SELECT  
				*
		FROM 
			 car
		where
            car_number = #{car_number}
	</select>
	
	<select id="car_detail" parameterType="com.spring.mooncar.dto.CarDetailDTO" resultMap="CarDetailDTO">
	/*customer.car_detail*/
		SELECT  
				*
		FROM 
			 car_detail
		where
            car_number = #{car_number}
            
	</select>
	
	<select id="customerCheckCarnum" parameterType="com.spring.mooncar.dto.CarDTO" resultMap="CarDTO">
	/*userpop.customerCheckCarnum*/
		SELECT  
				*
		FROM 
			 car
	</select>
	
	
	<insert id="insertCar" parameterType="com.spring.mooncar.dto.CarDTO" >
	/*carpop.insertCar*/
	INSERT INTO car (
			CAR_NUMBER, C_TEL, CAR_NAME, CAR_KM, CAR_SIZE, CAR_CATEGORY, CAR_FUEL_TYPE, car_oil_type, CAR_OIL_DATE, CAR_COMMENT
		)VALUES (
			#{car_number},#{c_tel},#{car_name},#{car_km},#{car_size}, #{car_category}, #{car_fuel_type}, #{car_oil_type}, #{car_oil_date} , #{car_comment}
		)


	</insert>
	
	<select id="Detail_check" parameterType="com.spring.mooncar.dto.CarDetailDTO" resultType="Integer">
	/*Fixpop.Detail_check   */
	Select 
    	count(*)
	from 
		car_detail
	where 
		CAR_NUMBER = #{car_number} and car_date =  to_date(#{car_date}, 'YYYY-MM-DD HH24') 
		
	</select>
	
	<insert id="carDetailInsert" parameterType="com.spring.mooncar.dto.CarDetailDTO" >
	/*Fixpop.carDetailInsert    */
	INSERT INTO car_detail (
			car_d_no, car_number, car_repair, car_next_repair, car_d_km, car_date
		)VALUES (
			(SELECT NVL(MAX(car_d_no)+1, 1)FROM car_detail),#{car_number},#{car_repair},#{car_next_repair},#{car_d_km}, to_date(#{car_date}, 'YYYY-MM-DD HH24')
		)

	</insert>
	
	<update id="car_kmUpdate" parameterType="com.spring.mooncar.dto.CarDTO">
	/*fixpop.car_kmUpdate*/
		update car

		set 
		car_km = #{car_km}

		where car_number = #{car_number}

	</update>
	
	<update id="carUpdate" parameterType="com.spring.mooncar.dto.CarDTO">
	/*fixpop.carUpdate*/
		update car

		set 
		car_km = #{car_km}
		,car_comment = #{car_comment}
		,car_oil_date = #{car_oil_date}

		where car_number = #{car_number}

	</update>
	
	<select id="btnsearchFix" parameterType="com.spring.mooncar.dto.CarDetailDTO" resultMap="CarDetailDTO">
	/*customer.btnsearchFix*/
		select * from CAR_DETAIL
			WHERE (car_repair like '%'||#{keyword}||'%'
            OR car_next_repair like '%'||#{keyword}||'%') 
            and (car_number=#{car_number} 
            and car_date 
            BETWEEN TO_DATE(#{startDate}) AND TO_DATE(#{endDate}))
            order by Car_DATE desc
	</select>
	<delete id="carDelete" parameterType="com.spring.mooncar.dto.CarDTO">
	/*cardelete.carDelete*/
        DELETE FROM car
        WHERE car_number = #{car_number}
	</delete>


</mapper>