<?xml version="1.0" encoding="UTF-8"?>
<beans xmlns="http://www.springframework.org/schema/beans"
	xmlns:task="http://www.springframework.org/schema/task"
	xmlns:xsi="http://www.w3.org/2001/XMLSchema-instance"
	xmlns:aop="http://www.springframework.org/schema/aop"
	xmlns:context="http://www.springframework.org/schema/context"
	xmlns:jdbc="http://www.springframework.org/schema/jdbc"
	xmlns:mybatis-spring="http://mybatis.org/schema/mybatis-spring"
	xsi:schemaLocation="http://www.springframework.org/schema/jdbc http://www.springframework.org/schema/jdbc/spring-jdbc-3.1.xsd
		http://mybatis.org/schema/mybatis-spring http://mybatis.org/schema/mybatis-spring-1.2.xsd
		http://www.springframework.org/schema/beans https://www.springframework.org/schema/beans/spring-beans.xsd
		http://www.springframework.org/schema/context http://www.springframework.org/schema/context/spring-context-3.1.xsd
		http://www.springframework.org/schema/aop http://www.springframework.org/schema/aop/spring-aop-3.1.xsd
		http://www.springframework.org/schema/task
http://www.springframework.org/schema/task/spring-task-3.0.xsd">
	<context:component-scan base-package="com.spring.mooncar.*" />
	<context:annotation-config/>
 	<task:annotation-driven />
 
    <bean id="Scheduler" class="com.spring.mooncar.schedule.Scheduler"></bean>


	<bean id="mailSender" class="org.springframework.mail.javamail.JavaMailSenderImpl">
		<property name="host" value="smtp.gmail.com" />
		<property name="port" value="587" />
		<property name="username" value="answhdgkr9494@gmail.com" />
		<property name="password" value="aqdhxh474836@" />
		<property name="javaMailProperties">
			<props>
				<prop key="mail.smtp.auth">true</prop>
				<prop key="mail.smtp.starttls.enable">true</prop>
			</props>
		</property>
	</bean>

	<bean id="multipartResolver"
		class="org.springframework.web.multipart.commons.CommonsMultipartResolver">
		<property name="maxUploadSize" value="100000000" />
		<property name="maxInMemorySize" value="100000000" />
	</bean>

	<!-- Root Context: defines shared resources visible to all other web components -->
	<bean id="dataSource"
		class="org.springframework.jdbc.datasource.SimpleDriverDataSource">

		<property name="driverClass" value="oracle.jdbc.OracleDriver" />
		<property name="url"
				  value="jdbc:oracle:thin:@localhost:1521:xe"  />  
				<!--	 value="jdbc:oracle:thin:@10.50.208.41:1521:xe"/> -->
		<property name="username" value="mooncar" />
		<property name="password" value="mooncar" />

	</bean>

	<bean class="org.mybatis.spring.SqlSessionFactoryBean"
		id="SqlSessionFactory">
		<property name="dataSource" ref="dataSource" />
		<property value="classpath:sql/**/sql_*.xml"
			name="mapperLocations" />
	</bean>

	<bean class="org.mybatis.spring.SqlSessionTemplate"
		id="sqlSession" destroy-method="clearCache">
		<constructor-arg name="sqlSessionFactory"
			ref="SqlSessionFactory" />
	</bean>
	






</beans>